song,era,genre,status,date,detail
Elvis Presley - Can't Help Falling in Love,1950s-1960s,us-uk love songs,downloaded,2026-07-14,
Elvis Presley - Love Me Tender,1950s-1960s,us-uk love songs,downloaded,2026-07-14,
Elvis Presley - It's Now or Never,1950s-1960s,us-uk love songs,downloaded,2026-07-14,
Elvis Presley - Are You Lonesome Tonight,1950s-1960s,us-uk love songs,downloaded,2026-07-14,
The Righteous Brothers - Unchained Melody,1950s-1960s,us-uk love songs,downloaded,2026-07-14,
The Righteous Brothers - You've Lost That Lovin' Feelin',1950s-1960s,us-uk love songs,downloaded,2026-07-14,
Etta James - At Last,1950s-1960s,us-uk love songs,downloaded,2026-07-14,
Ben E. King - Stand by Me,1950s-1960s,us-uk love songs,downloaded,2026-07-14,
The Platters - Only You,1950s-1960s,us-uk love songs,downloaded,2026-07-14,
The Platters - Smoke Gets in Your Eyes,1950s-1960s,us-uk love songs,downloaded,2026-07-14,
Nat King Cole - When I Fall in Love,1950s-1960s,us-uk love songs,downloaded,2026-07-14,
Nat King Cole - Unforgettable,1950s-1960s,us-uk love songs,downloaded,2026-07-14,
Nat King Cole - L-O-V-E,1950s-1960s,us-uk love songs,downloaded,2026-07-14,
Frank Sinatra - The Way You Look Tonight,1950s-1960s,us-uk love songs,downloaded,2026-07-14,
Frank Sinatra - Fly Me to the Moon,1950s-1960s,us-uk love songs,downloaded,2026-07-14,
Frank Sinatra - Strangers in the Night,1950s-1960s,us-uk love songs,downloaded,2026-07-14,
The Penguins - Earth Angel,1950s-1960s,us-uk love songs,downloaded,2026-07-14,
The Flamingos - I Only Have Eyes for You,1950s-1960s,us-uk love songs,downloaded,2026-07-14,
The Everly Brothers - All I Have to Do Is Dream,1950s-1960s,us-uk love songs,downloaded,2026-07-14,
Buddy Holly - True Love Ways,1950s-1960s,us-uk love songs,downloaded,2026-07-14,
Paul Anka - Put Your Head on My Shoulder,1950s-1960s,us-uk love songs,downloaded,2026-07-14,
Bobby Darin - Dream Lover,1950s-1960s,us-uk love songs,downloaded,2026-07-14,
Bobby Vinton - Blue Velvet,1950s-1960s,us-uk love songs,downloaded,2026-07-14,
Patsy Cline - Crazy,1950s-1960s,us-uk love songs,downloaded,2026-07-14,
Andy Williams - Moon River,1950s-1960s,us-uk love songs,downloaded,2026-07-14,
Johnny Mathis - Chances Are,1950s-1960s,us-uk love songs,downloaded,2026-07-14,
Dean Martin - Everybody Loves Somebody,1950s-1960s,us-uk love songs,downloaded,2026-07-14,
Louis Armstrong - La Vie En Rose,1950s-1960s,us-uk love songs,downloaded,2026-07-14,
The Drifters - Save the Last Dance for Me,1950s-1960s,us-uk love songs,downloaded,2026-07-14,
The Ronettes - Be My Baby,1950s-1960s,us-uk love songs,downloaded,2026-07-14,
The Shirelles - Will You Love Me Tomorrow,1950s-1960s,us-uk love songs,downloaded,2026-07-14,
The Supremes - Baby Love,1950s-1960s,us-uk love songs,downloaded,2026-07-14,
Ray Charles - I Can't Stop Loving You,1950s-1960s,us-uk love songs,downloaded,2026-07-14,
Sam Cooke - You Send Me,1950s-1960s,us-uk love songs,downloaded,2026-07-14,
Sam Cooke - Cupid,1950s-1960s,us-uk love songs,downloaded,2026-07-14,
Otis Redding - These Arms of Mine,1950s-1960s,us-uk love songs,downloaded,2026-07-14,
Percy Sledge - When a Man Loves a Woman,1950s-1960s,us-uk love songs,downloaded,2026-07-14,
The Temptations - My Girl,1950s-1960s,us-uk love songs,downloaded,2026-07-14,
Smokey Robinson & The Miracles - The Tracks of My Tears,1950s-1960s,us-uk love songs,downloaded,2026-07-14,
Marvin Gaye - How Sweet It Is (To Be Loved by You),1950s-1960s,us-uk love songs,downloaded,2026-07-14,
Marvin Gaye & Tammi Terrell - Ain't No Mountain High Enough,1950s-1960s,us-uk love songs,downloaded,2026-07-14,
Aretha Franklin - (You Make Me Feel Like) A Natural Woman,1950s-1960s,us-uk love songs,downloaded,2026-07-14,
Frankie Valli - Can't Take My Eyes Off You,1950s-1960s,us-uk love songs,downloaded,2026-07-14,
"Roy Orbison - Oh, Pretty Woman",1950s-1960s,us-uk love songs,downloaded,2026-07-14,
The Beatles - Something,1950s-1960s,us-uk love songs,downloaded,2026-07-14,
The Beatles - And I Love Her,1950s-1960s,us-uk love songs,downloaded,2026-07-14,
The Beatles - In My Life,1950s-1960s,us-uk love songs,downloaded,2026-07-14,
The Beach Boys - God Only Knows,1950s-1960s,us-uk love songs,downloaded,2026-07-14,
The Turtles - Happy Together,1950s-1960s,us-uk love songs,downloaded,2026-07-14,
Dusty Springfield - You Don't Have to Say You Love Me,1950s-1960s,us-uk love songs,downloaded,2026-07-14,
Bee Gees - Words,1950s-1960s,us-uk love songs,downloaded,2026-07-14,
Elton John - Your Song,1970s,us-uk love songs,downloaded,2026-07-14,
Elton John - Sorry Seems to Be the Hardest Word,1970s,us-uk love songs,downloaded,2026-07-14,
Eric Clapton - Wonderful Tonight,1970s,us-uk love songs,downloaded,2026-07-14,
Billy Joel - Just the Way You Are,1970s,us-uk love songs,downloaded,2026-07-14,
The Carpenters - Close to You,1970s,us-uk love songs,downloaded,2026-07-14,
The Carpenters - We've Only Just Begun,1970s,us-uk love songs,downloaded,2026-07-14,
The Carpenters - Yesterday Once More,1970s,us-uk love songs,downloaded,2026-07-14,
The Carpenters - Top of the World,1970s,us-uk love songs,downloaded,2026-07-14,
Al Green - Let's Stay Together,1970s,us-uk love songs,downloaded,2026-07-14,
"Barry White - You're the First, the Last, My Everything",1970s,us-uk love songs,downloaded,2026-07-14,
Roberta Flack - The First Time Ever I Saw Your Face,1970s,us-uk love songs,downloaded,2026-07-14,
Roberta Flack & Donny Hathaway - The Closer I Get to You,1970s,us-uk love songs,downloaded,2026-07-14,
Minnie Riperton - Lovin' You,1970s,us-uk love songs,downloaded,2026-07-14,
Stevie Wonder - You Are the Sunshine of My Life,1970s,us-uk love songs,downloaded,2026-07-14,
Commodores - Three Times a Lady,1970s,us-uk love songs,downloaded,2026-07-14,
Commodores - Easy,1970s,us-uk love songs,downloaded,2026-07-14,
Marvin Gaye - Let's Get It On,1970s,us-uk love songs,downloaded,2026-07-14,
Bill Withers - Lovely Day,1970s,us-uk love songs,downloaded,2026-07-14,
Barbra Streisand - The Way We Were,1970s,us-uk love songs,downloaded,2026-07-14,
Barbra Streisand - Evergreen (Love Theme from A Star Is Born),1970s,us-uk love songs,downloaded,2026-07-14,
Bee Gees - How Deep Is Your Love,1970s,us-uk love songs,downloaded,2026-07-14,
Bee Gees - To Love Somebody,1970s,us-uk love songs,downloaded,2026-07-14,
Andy Gibb - I Just Want to Be Your Everything,1970s,us-uk love songs,downloaded,2026-07-14,
Chicago - If You Leave Me Now,1970s,us-uk love songs,downloaded,2026-07-14,
Eagles - Best of My Love,1970s,us-uk love songs,downloaded,2026-07-14,
10cc - I'm Not in Love,1970s,us-uk love songs,downloaded,2026-07-14,
Bread - If,1970s,us-uk love songs,downloaded,2026-07-14,
Bread - Make It with You,1970s,us-uk love songs,downloaded,2026-07-14,
Barry Manilow - Mandy,1970s,us-uk love songs,downloaded,2026-07-14,
Olivia Newton-John - Hopelessly Devoted to You,1970s,us-uk love songs,downloaded,2026-07-14,
John Denver - Annie's Song,1970s,us-uk love songs,downloaded,2026-07-14,
Jim Croce - Time in a Bottle,1970s,us-uk love songs,downloaded,2026-07-14,
Harry Nilsson - Without You,1970s,us-uk love songs,downloaded,2026-07-14,
Heatwave - Always and Forever,1970s,us-uk love songs,downloaded,2026-07-14,
Jackson 5 - I'll Be There,1970s,us-uk love songs,downloaded,2026-07-14,
Queen - Love of My Life,1970s,us-uk love songs,downloaded,2026-07-14,
Van Morrison - Crazy Love,1970s,us-uk love songs,downloaded,2026-07-14,
The Stylistics - You Make Me Feel Brand New,1970s,us-uk love songs,downloaded,2026-07-14,
Lobo - I'd Love You to Want Me,1970s,us-uk love songs,downloaded,2026-07-14,
Lobo - How Can I Tell Her,1970s,us-uk love songs,downloaded,2026-07-14,
Morris Albert - Feelings,1970s,us-uk love songs,downloaded,2026-07-14,
Joe Cocker - You Are So Beautiful,1970s,us-uk love songs,downloaded,2026-07-14,
Captain & Tennille - Love Will Keep Us Together,1970s,us-uk love songs,downloaded,2026-07-14,
Dan Hill - Sometimes When We Touch,1970s,us-uk love songs,downloaded,2026-07-14,
Leo Sayer - When I Need You,1970s,us-uk love songs,downloaded,2026-07-14,
Debby Boone - You Light Up My Life,1970s,us-uk love songs,downloaded,2026-07-14,
Nazareth - Love Hurts,1970s,us-uk love songs,downloaded,2026-07-14,
John Paul Young - Love Is in the Air,1970s,us-uk love songs,downloaded,2026-07-14,
Paul McCartney & Wings - My Love,1970s,us-uk love songs,downloaded,2026-07-14,
John Lennon - Woman,1980s,us-uk love songs,downloaded,2026-07-14,
Lionel Richie - Hello,1980s,us-uk love songs,downloaded,2026-07-14,
Lionel Richie - Stuck on You,1980s,us-uk love songs,downloaded,2026-07-14,
"Lionel Richie - Say You, Say Me",1980s,us-uk love songs,downloaded,2026-07-14,
Lionel Richie & Diana Ross - Endless Love,1980s,us-uk love songs,downloaded,2026-07-14,
Whitney Houston - Saving All My Love for You,1980s,us-uk love songs,downloaded,2026-07-14,
Whitney Houston - Greatest Love of All,1980s,us-uk love songs,downloaded,2026-07-14,
Whitney Houston - All at Once,1980s,us-uk love songs,downloaded,2026-07-14,
George Michael - Careless Whisper,1980s,us-uk love songs,downloaded,2026-07-14,
Chris de Burgh - The Lady in Red,1980s,us-uk love songs,downloaded,2026-07-14,
Berlin - Take My Breath Away,1980s,us-uk love songs,downloaded,2026-07-14,
Foreigner - I Want to Know What Love Is,1980s,us-uk love songs,downloaded,2026-07-14,
Foreigner - Waiting for a Girl Like You,1980s,us-uk love songs,downloaded,2026-07-14,
REO Speedwagon - Can't Fight This Feeling,1980s,us-uk love songs,downloaded,2026-07-14,
REO Speedwagon - Keep On Loving You,1980s,us-uk love songs,downloaded,2026-07-14,
Journey - Open Arms,1980s,us-uk love songs,downloaded,2026-07-14,
Journey - Faithfully,1980s,us-uk love songs,downloaded,2026-07-14,
Air Supply - All Out of Love,1980s,us-uk love songs,downloaded,2026-07-14,
Air Supply - The One That You Love,1980s,us-uk love songs,downloaded,2026-07-14,
Air Supply - Making Love Out of Nothing at All,1980s,us-uk love songs,downloaded,2026-07-14,
Air Supply - Lost in Love,1980s,us-uk love songs,downloaded,2026-07-14,
Bonnie Tyler - Total Eclipse of the Heart,1980s,us-uk love songs,downloaded,2026-07-14,
Cyndi Lauper - Time After Time,1980s,us-uk love songs,downloaded,2026-07-14,
Richard Marx - Right Here Waiting,1980s,us-uk love songs,downloaded,2026-07-14,
Bryan Adams - Heaven,1980s,us-uk love songs,downloaded,2026-07-14,
Phil Collins - A Groovy Kind of Love,1980s,us-uk love songs,downloaded,2026-07-14,
Phil Collins - Against All Odds (Take a Look at Me Now),1980s,us-uk love songs,downloaded,2026-07-14,
Phil Collins - One More Night,1980s,us-uk love songs,downloaded,2026-07-14,
Chicago - You're the Inspiration,1980s,us-uk love songs,downloaded,2026-07-14,
Chicago - Hard to Say I'm Sorry,1980s,us-uk love songs,downloaded,2026-07-14,
Peter Cetera - Glory of Love,1980s,us-uk love songs,downloaded,2026-07-14,
Starship - Nothing's Gonna Stop Us Now,1980s,us-uk love songs,downloaded,2026-07-14,
Stevie Wonder - I Just Called to Say I Love You,1980s,us-uk love songs,downloaded,2026-07-14,
Atlantic Starr - Always,1980s,us-uk love songs,downloaded,2026-07-14,
Luther Vandross - Here and Now,1980s,us-uk love songs,downloaded,2026-07-14,
Glenn Medeiros - Nothing's Gonna Change My Love for You,1980s,us-uk love songs,downloaded,2026-07-14,
Spandau Ballet - True,1980s,us-uk love songs,downloaded,2026-07-14,
The Bangles - Eternal Flame,1980s,us-uk love songs,downloaded,2026-07-14,
Kenny Rogers - Lady,1980s,us-uk love songs,downloaded,2026-07-14,
Kenny Rogers & Dolly Parton - Islands in the Stream,1980s,us-uk love songs,downloaded,2026-07-14,
Bette Midler - Wind Beneath My Wings,1980s,us-uk love songs,downloaded,2026-07-14,
Bill Medley & Jennifer Warnes - (I've Had) The Time of My Life,1980s,us-uk love songs,downloaded,2026-07-14,
Patrick Swayze - She's Like the Wind,1980s,us-uk love songs,downloaded,2026-07-14,
Scorpions - Still Loving You,1980s,us-uk love songs,downloaded,2026-07-14,
Heart - Alone,1980s,us-uk love songs,downloaded,2026-07-14,
Madonna - Crazy for You,1980s,us-uk love songs,downloaded,2026-07-14,
The Police - Every Breath You Take,1980s,us-uk love songs,downloaded,2026-07-14,
Cutting Crew - (I Just) Died in Your Arms,1980s,us-uk love songs,downloaded,2026-07-14,
Roxette - Listen to Your Heart,1980s,us-uk love songs,downloaded,2026-07-14,
Michael Bolton - How Am I Supposed to Live Without You,1980s,us-uk love songs,downloaded,2026-07-14,
Rick Astley - Never Gonna Give You Up,1980s,us-uk love songs,downloaded,2026-07-13,
"Roberta Flack & Peabo Bryson - Tonight, I Celebrate My Love",1980s,us-uk love songs,downloaded,2026-07-14,
Willie Nelson - Always on My Mind,1980s,us-uk love songs,downloaded,2026-07-14,
Bertie Higgins - Casablanca 1982,1980s,us-uk love songs,downloaded,2026-07-14,
ABBA - The Winner Takes It All,1980s,us-uk love songs,downloaded,2026-07-14,
Barbra Streisand & Barry Gibb - Woman in Love,1980s,us-uk love songs,downloaded,2026-07-14,
Nirvana - Smells Like Teen Spirit,1990s,us-uk,downloaded,2026-07-14,
Whitney Houston - I Will Always Love You,1990s,us-uk,downloaded,2026-07-14,
Mariah Carey - Hero,1990s,us-uk,downloaded,2026-07-14,
Celine Dion - My Heart Will Go On,1990s,us-uk,downloaded,2026-07-14,
Bryan Adams - (Everything I Do) I Do It for You,1990s,us-uk,downloaded,2026-07-14,
Sinead O'Connor - Nothing Compares 2 U,1990s,us-uk,downloaded,2026-07-14,
R.E.M. - Losing My Religion,1990s,us-uk,downloaded,2026-07-14,
Oasis - Wonderwall,1990s,us-uk,downloaded,2026-07-14,
Oasis - Don't Look Back in Anger,1990s,us-uk,downloaded,2026-07-14,
The Verve - Bitter Sweet Symphony,1990s,us-uk,downloaded,2026-07-14,
Radiohead - Creep,1990s,us-uk,downloaded,2026-07-14,
Spice Girls - Wannabe,1990s,us-uk,downloaded,2026-07-14,
Backstreet Boys - I Want It That Way,1990s,us-uk,downloaded,2026-07-14,
Britney Spears - ...Baby One More Time,1990s,us-uk,downloaded,2026-07-14,
Boyz II Men - End of the Road,1990s,us-uk,downloaded,2026-07-14,
TLC - No Scrubs,1990s,us-uk,downloaded,2026-07-14,
Destiny's Child - Say My Name,1990s,us-uk,downloaded,2026-07-14,
Christina Aguilera - Genie in a Bottle,1990s,us-uk,downloaded,2026-07-14,
Coolio - Gangsta's Paradise,1990s,us-uk,downloaded,2026-07-14,
Alanis Morissette - Ironic,1990s,us-uk,downloaded,2026-07-14,
No Doubt - Don't Speak,1990s,us-uk,downloaded,2026-07-14,
Goo Goo Dolls - Iris,1990s,us-uk,downloaded,2026-07-14,
Aerosmith - I Don't Want to Miss a Thing,1990s,us-uk,downloaded,2026-07-14,
Cher - Believe,1990s,us-uk,downloaded,2026-07-14,
Michael Jackson - Black or White,1990s,us-uk,downloaded,2026-07-14,
Green Day - Basket Case,1990s,us-uk,downloaded,2026-07-14,
Red Hot Chili Peppers - Under the Bridge,1990s,us-uk,downloaded,2026-07-14,
Metallica - Nothing Else Matters,1990s,us-uk,downloaded,2026-07-14,
Guns N' Roses - November Rain,1990s,us-uk,downloaded,2026-07-14,
Natalie Imbruglia - Torn,1990s,us-uk,downloaded,2026-07-14,
Robbie Williams - Angels,1990s,us-uk,downloaded,2026-07-14,
Savage Garden - Truly Madly Deeply,1990s,us-uk,downloaded,2026-07-14,
Toni Braxton - Un-Break My Heart,1990s,us-uk,downloaded,2026-07-14,
U2 - One,1990s,us-uk,downloaded,2026-07-14,
2Pac - California Love,1990s,us-uk,downloaded,2026-07-14,
The Notorious B.I.G. - Juicy,1990s,us-uk,downloaded,2026-07-14,
Dr. Dre - Still D.R.E.,1990s,us-uk,downloaded,2026-07-14,
MC Hammer - U Can't Touch This,1990s,us-uk,downloaded,2026-07-14,
Vanilla Ice - Ice Ice Baby,1990s,us-uk,downloaded,2026-07-14,
Ace of Base - The Sign,1990s,us-uk,downloaded,2026-07-14,
Haddaway - What Is Love,1990s,us-uk,downloaded,2026-07-14,
Aqua - Barbie Girl,1990s,us-uk,downloaded,2026-07-14,
Ricky Martin - Livin' la Vida Loca,1990s,us-uk,downloaded,2026-07-14,
Lou Bega - Mambo No. 5,1990s,us-uk,downloaded,2026-07-14,
Shania Twain - Man! I Feel Like a Woman,1990s,us-uk,downloaded,2026-07-14,
The Cranberries - Zombie,1990s,us-uk,downloaded,2026-07-14,
The Cranberries - Linger,1990s,us-uk,downloaded,2026-07-14,
4 Non Blondes - What's Up,1990s,us-uk,downloaded,2026-07-14,
R.E.M. - Everybody Hurts,1990s,us-uk,downloaded,2026-07-14,
Pearl Jam - Black,1990s,us-uk,downloaded,2026-07-14,
Nirvana - Come as You Are,1990s,us-uk,downloaded,2026-07-14,
Green Day - Good Riddance (Time of Your Life),1990s,us-uk,downloaded,2026-07-14,
The Offspring - Pretty Fly (For a White Guy),1990s,us-uk,downloaded,2026-07-14,
Smash Mouth - All Star,1990s,us-uk,downloaded,2026-07-14,
Deep Blue Something - Breakfast at Tiffany's,1990s,us-uk,downloaded,2026-07-14,
Whitney Houston - I Have Nothing,1990s,us-uk,downloaded,2026-07-14,
Mariah Carey - Always Be My Baby,1990s,us-uk,downloaded,2026-07-14,
TLC - Waterfalls,1990s,us-uk,downloaded,2026-07-14,
Mark Morrison - Return of the Mack,1990s,us-uk,downloaded,2026-07-14,
Brandy & Monica - The Boy Is Mine,1990s,us-uk,downloaded,2026-07-14,
Lauryn Hill - Doo Wop (That Thing),1990s,us-uk,downloaded,2026-07-14,
Fugees - Killing Me Softly With His Song,1990s,us-uk,downloaded,2026-07-14,
Duran Duran - Ordinary World,1990s,us-uk,downloaded,2026-07-14,
Meat Loaf - I'd Do Anything for Love (But I Won't Do That),1990s,us-uk,downloaded,2026-07-14,
Backstreet Boys - Everybody (Backstreet's Back),1990s,us-uk,downloaded,2026-07-14,
Westlife - If I Let You Go,1990s,us-uk,downloaded,2026-07-14,
Bryan Adams - Please Forgive Me,1990s,us-uk love songs,downloaded,2026-07-14,
Celine Dion - The Power of Love,1990s,us-uk love songs,downloaded,2026-07-14,
Celine Dion - Because You Loved Me,1990s,us-uk love songs,downloaded,2026-07-14,
Celine Dion & Peabo Bryson - Beauty and the Beast,1990s,us-uk love songs,downloaded,2026-07-14,
Mariah Carey - Vision of Love,1990s,us-uk love songs,downloaded,2026-07-14,
Mariah Carey - My All,1990s,us-uk love songs,downloaded,2026-07-14,
Boyz II Men - I'll Make Love to You,1990s,us-uk love songs,downloaded,2026-07-14,
All-4-One - I Swear,1990s,us-uk love songs,downloaded,2026-07-14,
K-Ci & JoJo - All My Life,1990s,us-uk love songs,downloaded,2026-07-14,
Shania Twain - You're Still the One,1990s,us-uk love songs,downloaded,2026-07-14,
Shania Twain - From This Moment On,1990s,us-uk love songs,downloaded,2026-07-14,
Elton John - Can You Feel the Love Tonight,1990s,us-uk love songs,downloaded,2026-07-14,
Roxette - It Must Have Been Love,1990s,us-uk love songs,downloaded,2026-07-14,
Extreme - More Than Words,1990s,us-uk love songs,downloaded,2026-07-14,
Mr. Big - To Be with You,1990s,us-uk love songs,downloaded,2026-07-14,
Seal - Kiss from a Rose,1990s,us-uk love songs,downloaded,2026-07-14,
LeAnn Rimes - How Do I Live,1990s,us-uk love songs,downloaded,2026-07-14,
Vanessa Williams - Save the Best for Last,1990s,us-uk love songs,downloaded,2026-07-14,
Van Morrison - Have I Told You Lately,1990s,us-uk love songs,downloaded,2026-07-14,
Stevie B - Because I Love You (The Postman Song),1990s,us-uk love songs,downloaded,2026-07-14,
Wet Wet Wet - Love Is All Around,1990s,us-uk love songs,downloaded,2026-07-14,
Peabo Bryson & Regina Belle - A Whole New World,1990s,us-uk love songs,downloaded,2026-07-14,
Backstreet Boys - As Long as You Love Me,1990s,us-uk love songs,downloaded,2026-07-14,
Boyzone - Every Day I Love You,1990s,us-uk love songs,downloaded,2026-07-14,
Boyzone - No Matter What,1990s,us-uk love songs,downloaded,2026-07-14,
Westlife - Flying Without Wings,1990s,us-uk love songs,downloaded,2026-07-14,
Take That - Back for Good,1990s,us-uk love songs,downloaded,2026-07-14,
Bon Jovi - Always,1990s,us-uk love songs,downloaded,2026-07-14,
Richard Marx - Now and Forever,1990s,us-uk love songs,downloaded,2026-07-14,
Brian McKnight - Back at One,1990s,us-uk love songs,downloaded,2026-07-14,
Ronan Keating - When You Say Nothing at All,1990s,us-uk love songs,downloaded,2026-07-14,
Sixpence None the Richer - Kiss Me,1990s,us-uk love songs,downloaded,2026-07-14,
Michael Learns to Rock - 25 Minutes,1990s,us-uk love songs,downloaded,2026-07-14,
Michael Learns to Rock - That's Why (You Go Away),1990s,us-uk love songs,downloaded,2026-07-14,
Michael Learns to Rock - Paint My Love,1990s,us-uk love songs,downloaded,2026-07-14,
Eminem - Lose Yourself,2000s,us-uk,downloaded,2026-07-14,
Usher - Yeah!,2000s,us-uk,downloaded,2026-07-14,
Beyonce - Halo,2000s,us-uk,downloaded,2026-07-14,
Rihanna - Umbrella,2000s,us-uk,downloaded,2026-07-14,
Britney Spears - Toxic,2000s,us-uk,downloaded,2026-07-14,
Christina Aguilera - Beautiful,2000s,us-uk,downloaded,2026-07-14,
Coldplay - The Scientist,2000s,us-uk,downloaded,2026-07-14,
Coldplay - Viva la Vida,2000s,us-uk,downloaded,2026-07-14,
Linkin Park - In the End,2000s,us-uk,downloaded,2026-07-14,
Linkin Park - Numb,2000s,us-uk,downloaded,2026-07-14,
Evanescence - Bring Me to Life,2000s,us-uk,downloaded,2026-07-14,
Green Day - Boulevard of Broken Dreams,2000s,us-uk,downloaded,2026-07-14,
The Killers - Mr. Brightside,2000s,us-uk,downloaded,2026-07-14,
Snow Patrol - Chasing Cars,2000s,us-uk,downloaded,2026-07-14,
James Blunt - You're Beautiful,2000s,us-uk,downloaded,2026-07-14,
The Fray - How to Save a Life,2000s,us-uk,downloaded,2026-07-14,
Leona Lewis - Bleeding Love,2000s,us-uk,downloaded,2026-07-14,
Lady Gaga - Bad Romance,2000s,us-uk,downloaded,2026-07-14,
Taylor Swift - Love Story,2000s,us-uk,downloaded,2026-07-14,
Maroon 5 - This Love,2000s,us-uk,downloaded,2026-07-14,
Jason Mraz - I'm Yours,2000s,us-uk,downloaded,2026-07-14,
Shayne Ward - No Promises,2000s,us-uk,downloaded,2026-07-14,
Westlife - My Love,2000s,us-uk,downloaded,2026-07-14,
Vanessa Carlton - A Thousand Miles,2000s,us-uk,downloaded,2026-07-14,
Mariah Carey - We Belong Together,2000s,us-uk,downloaded,2026-07-14,
Ne-Yo - So Sick,2000s,us-uk,downloaded,2026-07-14,
Akon - Lonely,2000s,us-uk,downloaded,2026-07-14,
Timbaland - Apologize ft. OneRepublic,2000s,us-uk,downloaded,2026-07-14,
Black Eyed Peas - I Gotta Feeling,2000s,us-uk,downloaded,2026-07-14,
Hoobastank - The Reason,2000s,us-uk,downloaded,2026-07-14,
Enrique Iglesias - Hero,2000s,us-uk,downloaded,2026-07-14,
Daniel Bedingfield - If You're Not the One,2000s,us-uk,downloaded,2026-07-14,
The Script - The Man Who Can't Be Moved,2000s,us-uk,downloaded,2026-07-14,
Plain White T's - Hey There Delilah,2000s,us-uk,downloaded,2026-07-14,
NSYNC - Bye Bye Bye,2000s,us-uk,downloaded,2026-07-14,
Beyonce - Crazy in Love,2000s,us-uk,downloaded,2026-07-14,
Beyonce - Single Ladies (Put a Ring on It),2000s,us-uk,downloaded,2026-07-14,
Rihanna - Unfaithful,2000s,us-uk,downloaded,2026-07-14,
Nelly - Dilemma ft. Kelly Rowland,2000s,us-uk,downloaded,2026-07-14,
Jay-Z & Alicia Keys - Empire State of Mind,2000s,us-uk,downloaded,2026-07-14,
Alicia Keys - If I Ain't Got You,2000s,us-uk,downloaded,2026-07-14,
Coldplay - Yellow,2000s,us-uk,downloaded,2026-07-14,
Coldplay - Fix You,2000s,us-uk,downloaded,2026-07-14,
Christina Aguilera - Hurt,2000s,us-uk,downloaded,2026-07-14,
Avril Lavigne - Complicated,2000s,us-uk,downloaded,2026-07-14,
Kelly Clarkson - Because of You,2000s,us-uk,downloaded,2026-07-14,
Daniel Powter - Bad Day,2000s,us-uk,downloaded,2026-07-14,
The White Stripes - Seven Nation Army,2000s,us-uk,downloaded,2026-07-14,
Kings of Leon - Use Somebody,2000s,us-uk,downloaded,2026-07-14,
Eminem - Without Me,2000s,us-uk,downloaded,2026-07-14,
Eminem - Mockingbird,2000s,us-uk,downloaded,2026-07-14,
Linkin Park - What I've Done,2000s,us-uk,downloaded,2026-07-14,
Evanescence - My Immortal,2000s,us-uk,downloaded,2026-07-14,
Simple Plan - Perfect,2000s,us-uk,downloaded,2026-07-14,
Mario - Let Me Love You,2000s,us-uk,downloaded,2026-07-14,
Jesse McCartney - Beautiful Soul,2000s,us-uk,downloaded,2026-07-14,
Secondhand Serenade - Fall for You,2000s,us-uk,downloaded,2026-07-14,
Taylor Swift - You Belong with Me,2000s,us-uk,downloaded,2026-07-14,
Flo Rida - Low,2000s,us-uk,downloaded,2026-07-14,
Owl City - Fireflies,2000s,us-uk,downloaded,2026-07-14,
Iyaz - Replay,2000s,us-uk,downloaded,2026-07-14,
Maroon 5 - She Will Be Loved,2000s,us-uk,downloaded,2026-07-14,
The Calling - Wherever You Will Go,2000s,us-uk,downloaded,2026-07-14,
Train - Hey Soul Sister,2000s,us-uk,downloaded,2026-07-14,
Blue - One Love,2000s,us-uk,downloaded,2026-07-14,
Atomic Kitten - Whole Again,2000s,us-uk,downloaded,2026-07-14,
M2M - Pretty Boy,2000s,us-uk,downloaded,2026-07-14,
M2M - The Day You Went Away,2000s,us-uk,downloaded,2026-07-14,
Adele - Rolling in the Deep,2010s,us-uk,downloaded,2026-07-14,
Adele - Someone Like You,2010s,us-uk,downloaded,2026-07-14,
Adele - Hello,2010s,us-uk,downloaded,2026-07-14,
Ed Sheeran - Shape of You,2010s,us-uk,downloaded,2026-07-14,
Ed Sheeran - Thinking Out Loud,2010s,us-uk,downloaded,2026-07-14,
Bruno Mars - Just the Way You Are,2010s,us-uk,downloaded,2026-07-14,
Mark Ronson - Uptown Funk ft. Bruno Mars,2010s,us-uk,downloaded,2026-07-14,
Katy Perry - Firework,2010s,us-uk,downloaded,2026-07-14,
Taylor Swift - Shake It Off,2010s,us-uk,downloaded,2026-07-14,
Maroon 5 - Payphone,2010s,us-uk,downloaded,2026-07-14,
Justin Bieber - Baby,2010s,us-uk,downloaded,2026-07-14,
Rihanna - Diamonds,2010s,us-uk,downloaded,2026-07-14,
Gotye - Somebody That I Used to Know,2010s,us-uk,downloaded,2026-07-14,
OneRepublic - Counting Stars,2010s,us-uk,downloaded,2026-07-14,
Avicii - Wake Me Up,2010s,us-uk,downloaded,2026-07-14,
Billie Eilish - bad guy,2010s,us-uk,downloaded,2026-07-14,
The Chainsmokers - Closer,2010s,us-uk,downloaded,2026-07-14,
The Chainsmokers & Coldplay - Something Just Like This,2010s,us-uk,downloaded,2026-07-14,
Wiz Khalifa - See You Again ft. Charlie Puth,2010s,us-uk,downloaded,2026-07-14,
Charlie Puth - Attention,2010s,us-uk,downloaded,2026-07-14,
Charlie Puth - We Don't Talk Anymore,2010s,us-uk,downloaded,2026-07-14,
Shawn Mendes & Camila Cabello - Senorita,2010s,us-uk,downloaded,2026-07-14,
ZAYN - Dusk Till Dawn,2010s,us-uk,downloaded,2026-07-14,
One Direction - What Makes You Beautiful,2010s,us-uk,downloaded,2026-07-14,
The Weeknd - Blinding Lights,2010s,us-uk,downloaded,2026-07-14,
John Legend - All of Me,2010s,us-uk,downloaded,2026-07-14,
Passenger - Let Her Go,2010s,us-uk,downloaded,2026-07-14,
James Arthur - Say You Won't Let Go,2010s,us-uk,downloaded,2026-07-14,
Alan Walker - Faded,2010s,us-uk,downloaded,2026-07-14,
Pink - Just Give Me a Reason,2010s,us-uk,downloaded,2026-07-14,
Christina Perri - A Thousand Years,2010s,us-uk,downloaded,2026-07-14,
Ellie Goulding - Love Me Like You Do,2010s,us-uk,downloaded,2026-07-14,
Shane Filan - Beautiful in White,2010s,us-uk,downloaded,2026-07-14,
Taylor Swift - Blank Space,2010s,us-uk,downloaded,2026-07-14,
Justin Bieber - Sorry,2010s,us-uk,downloaded,2026-07-14,
Justin Bieber - Love Yourself,2010s,us-uk,downloaded,2026-07-14,
Bruno Mars - When I Was Your Man,2010s,us-uk,downloaded,2026-07-14,
Bruno Mars - The Lazy Song,2010s,us-uk,downloaded,2026-07-14,
Maroon 5 - Sugar,2010s,us-uk,downloaded,2026-07-14,
Ed Sheeran - Perfect,2010s,us-uk,downloaded,2026-07-14,
Ed Sheeran - Photograph,2010s,us-uk,downloaded,2026-07-14,
Sam Smith - Stay with Me,2010s,us-uk,downloaded,2026-07-14,
Sam Smith - I'm Not the Only One,2010s,us-uk,downloaded,2026-07-14,
Hozier - Take Me to Church,2010s,us-uk,downloaded,2026-07-14,
Imagine Dragons - Radioactive,2010s,us-uk,downloaded,2026-07-14,
Rihanna - Stay ft. Mikky Ekko,2010s,us-uk,downloaded,2026-07-14,
David Guetta - Titanium ft. Sia,2010s,us-uk,downloaded,2026-07-14,
Clean Bandit - Rockabye,2010s,us-uk,downloaded,2026-07-14,
DJ Snake - Let Me Love You ft. Justin Bieber,2010s,us-uk,downloaded,2026-07-14,
The Chainsmokers - Don't Let Me Down,2010s,us-uk,downloaded,2026-07-14,
Marshmello - Happier,2010s,us-uk,downloaded,2026-07-14,
Shawn Mendes - Treat You Better,2010s,us-uk,downloaded,2026-07-14,
Charlie Puth - One Call Away,2010s,us-uk,downloaded,2026-07-14,
Camila Cabello - Havana,2010s,us-uk,downloaded,2026-07-14,
Anne-Marie - 2002,2010s,us-uk,downloaded,2026-07-14,
One Direction - Night Changes,2010s,us-uk,downloaded,2026-07-14,
Lukas Graham - 7 Years,2010s,us-uk,downloaded,2026-07-14,
Miley Cyrus - Wrecking Ball,2010s,us-uk,downloaded,2026-07-14,
Meghan Trainor - Like I'm Gonna Lose You,2010s,us-uk,downloaded,2026-07-14,
Lewis Capaldi - Someone You Loved,2010s,us-uk,downloaded,2026-07-14,
Billie Eilish - lovely,2010s,us-uk,downloaded,2026-07-14,
A Great Big World - Say Something,2010s,us-uk,downloaded,2026-07-14,
Pharrell Williams - Happy,2010s,us-uk,downloaded,2026-07-14,
Carly Rae Jepsen - Call Me Maybe,2010s,us-uk,downloaded,2026-07-14,
Eminem - Love the Way You Lie ft. Rihanna,2010s,us-uk,downloaded,2026-07-14,
Tones and I - Dance Monkey,2010s,us-uk,downloaded,2026-07-14,
Alan Walker - Fade,2010s,ncs / electronic,downloaded,2026-07-14,
Alan Walker - Spectre,2010s,ncs / electronic,downloaded,2026-07-14,
Alan Walker - Force,2010s,ncs / electronic,downloaded,2026-07-14,
Cartoon - On & On ft. Daniel Levi,2010s,ncs / electronic,downloaded,2026-07-14,
Janji - Heroes Tonight ft. Johnning,2010s,ncs / electronic,downloaded,2026-07-14,
DEAF KEV - Invincible,2010s,ncs / electronic,downloaded,2026-07-14,
Different Heaven & EH!DE - My Heart,2010s,ncs / electronic,downloaded,2026-07-14,
Disfigure - Blank,2010s,ncs / electronic,downloaded,2026-07-14,
Tobu - Hope,2010s,ncs / electronic,downloaded,2026-07-14,
Tobu - Candyland,2010s,ncs / electronic,downloaded,2026-07-14,
Elektronomia - Sky High,2010s,ncs / electronic,downloaded,2026-07-14,
Syn Cole - Feel Good,2010s,ncs / electronic,downloaded,2026-07-14,
Jim Yosef - Firefly,2010s,ncs / electronic,downloaded,2026-07-14,
Electro-Light - Symbolism,2010s,ncs / electronic,downloaded,2026-07-14,
Warriyo - Mortals ft. Laura Brehm,2010s,ncs / electronic,downloaded,2026-07-14,
Diviners - Savannah ft. Philly K,2010s,ncs / electronic,downloaded,2026-07-14,
Unknown Brain - Why Do I ft. Bri Tolani,2010s,ncs / electronic,downloaded,2026-07-14,
Lost Sky - Fearless pt. II ft. Chris Linton,2010s,ncs / electronic,downloaded,2026-07-14,
TheFatRat - Unity,2010s,ncs / electronic,downloaded,2026-07-14,
TheFatRat - Monody ft. Laura Brehm,2010s,ncs / electronic,downloaded,2026-07-14,
K-391 & Alan Walker - Ignite,2010s,ncs / electronic,downloaded,2026-07-14,
NEFFEX - Fight Back,2010s,ncs / electronic,downloaded,2026-07-14,
NEFFEX - Grateful,2010s,ncs / electronic,downloaded,2026-07-14,
Regard - Ride It,2010s,ncs / electronic,downloaded,2026-07-14,
"Meduza - Lose Control ft. Becky Hill, Goodboys",2010s,ncs / electronic,downloaded,2026-07-14,
Meduza - Piece Of Your Heart ft. Goodboys,2010s,ncs / electronic,downloaded,2026-07-14,
The Weeknd - Save Your Tears,2020,us-uk,downloaded,2026-07-14,
Dua Lipa - Don't Start Now,2020,us-uk,downloaded,2026-07-14,
Dua Lipa - Levitating,2020,us-uk,downloaded,2026-07-14,
Harry Styles - Watermelon Sugar,2020,us-uk,downloaded,2026-07-14,
Doja Cat - Say So,2020,us-uk,downloaded,2026-07-14,
24kGoldn - Mood,2020,us-uk,downloaded,2026-07-14,
Powfu - death bed (coffee for your head),2020,us-uk,downloaded,2026-07-14,
Conan Gray - Heather,2020,us-uk,downloaded,2026-07-14,
Lewis Capaldi - Before You Go,2020,us-uk,downloaded,2026-07-14,
Ariana Grande - positions,2020,us-uk,downloaded,2026-07-14,
Tate McRae - you broke me first,2020,us-uk,downloaded,2026-07-14,
Glass Animals - Heat Waves,2020,us-uk,downloaded,2026-07-14,
Ruth B. - Dandelions,2020,us-uk,downloaded,2026-07-14,
Maroon 5 - Memories,2020,us-uk,downloaded,2026-07-14,
SZA - Good Days,2020,us-uk,downloaded,2026-07-14,
Lauv - Modern Loneliness,2020,us-uk,downloaded,2026-07-14,
Surf Mesa - ily (i love you baby),2020,us-uk,downloaded,2026-07-14,
Harry Styles - Adore You,2020,us-uk,downloaded,2026-07-14,
Harry Styles - Falling,2020,us-uk,downloaded,2026-07-14,
Post Malone - Circles,2020,us-uk,downloaded,2026-07-14,
Lady Gaga & Ariana Grande - Rain On Me,2020,us-uk,downloaded,2026-07-14,
Miley Cyrus - Midnight Sky,2020,us-uk,downloaded,2026-07-14,
Taylor Swift - cardigan,2020,us-uk,downloaded,2026-07-14,
Ava Max - Kings & Queens,2020,us-uk,downloaded,2026-07-14,
Billie Eilish - Therefore I Am,2020,us-uk,downloaded,2026-07-14,
Jawsh 685 & Jason Derulo - Savage Love,2020,us-uk,downloaded,2026-07-14,
Jack Harlow - Whats Poppin,2020,us-uk,downloaded,2026-07-14,
JP Saxe - If The World Was Ending ft. Julia Michaels,2020,us-uk,downloaded,2026-07-14,
BENEE - Supalonely,2020,us-uk,downloaded,2026-07-14,
Surfaces - Sunday Best,2020,us-uk,downloaded,2026-07-14,
Doja Cat - Streets,2020,us-uk,downloaded,2026-07-14,
AJR - Bang!,2020,us-uk,downloaded,2026-07-14,
BTS - Dynamite,2020,k-pop,downloaded,2026-07-14,
BTS - Life Goes On,2020,k-pop,downloaded,2026-07-14,
BTS - ON,2020,k-pop,downloaded,2026-07-14,
Agust D - Daechwita,2020,k-pop,downloaded,2026-07-14,
BLACKPINK - How You Like That,2020,k-pop,downloaded,2026-07-14,
BLACKPINK - Lovesick Girls,2020,k-pop,downloaded,2026-07-14,
BLACKPINK & Selena Gomez - Ice Cream,2020,k-pop,downloaded,2026-07-14,
TWICE - I Can't Stop Me,2020,k-pop,downloaded,2026-07-14,
Red Velvet - Psycho,2020,k-pop,downloaded,2026-07-14,
ITZY - WANNABE,2020,k-pop,downloaded,2026-07-14,
IU - eight,2020,k-pop,downloaded,2026-07-14,
Stray Kids - God's Menu,2020,k-pop,downloaded,2026-07-14,
aespa - Black Mamba,2020,k-pop,downloaded,2026-07-14,
YOASOBI - Yoru ni Kakeru,2020,j-pop,downloaded,2026-07-14,
YOASOBI - Gunjou,2020,j-pop,downloaded,2026-07-14,
YOASOBI - Tabun,2020,j-pop,downloaded,2026-07-14,
Ado - Usseewa,2020,j-pop,downloaded,2026-07-14,
LiSA - Homura,2020,j-pop,downloaded,2026-07-14,
Eve - Kaikai Kitan,2020,j-pop,downloaded,2026-07-14,
Yuuri - Dry Flower,2020,j-pop,downloaded,2026-07-14,
Fujii Kaze - Shinunoga E-Wa,2020,j-pop,downloaded,2026-07-14,
Aimyon - Hadaka no Kokoro,2020,j-pop,downloaded,2026-07-14,
Vaundy - Kaiju no Hanauta,2020,j-pop,downloaded,2026-07-14,
Official HIGE DANdism - I LOVE...,2020,j-pop,downloaded,2026-07-14,
Eito - Kousui,2020,j-pop,downloaded,2026-07-14,
yama - Haru wo Tsugeru,2020,j-pop,downloaded,2026-07-14,
NiziU - Make You Happy,2020,j-pop,downloaded,2026-07-14,
Ryokuoushoku Shakai - Mela!,2020,j-pop,downloaded,2026-07-14,
Reol - 第六感,2020,j-pop,downloaded,2026-07-14,
DISH// - Neko,2020,j-pop,downloaded,2026-07-14,
Da-iCE - CITRUS,2020,j-pop,downloaded,2026-07-14,
milet - Inside You,2020,j-pop,downloaded,2026-07-14,
SAINt JHN - Roses (Imanbek Remix),2020,ncs / electronic,downloaded,2026-07-14,
Topic & A7S - Breaking Me,2020,ncs / electronic,downloaded,2026-07-14,
Joel Corry x MNEK - Head & Heart,2020,ncs / electronic,downloaded,2026-07-14,
Meduza - Paradise ft. Dermot Kennedy,2020,ncs / electronic,downloaded,2026-07-14,
Tiesto - The Business,2020,ncs / electronic,downloaded,2026-07-14,
Alan Walker - Alone pt. II,2020,ncs / electronic,downloaded,2026-07-14,
Gabry Ponte & LUM!X - Monster,2020,ncs / electronic,downloaded,2026-07-14,
Purple Disco Machine - Hypnotized,2020,ncs / electronic,downloaded,2026-07-14,
Kygo & OneRepublic - Lose Somebody,2020,ncs / electronic,downloaded,2026-07-14,
Martin Garrix & Dean Lewis - Used To Love,2020,ncs / electronic,downloaded,2026-07-14,
Robin Schulz - In Your Eyes ft. Alida,2020,ncs / electronic,downloaded,2026-07-14,
HVME - Goosebumps,2020,ncs / electronic,downloaded,2026-07-14,
Lost Sky - Dreams pt. II ft. Sara Skinner,2020,ncs / electronic,downloaded,2026-07-14,
Jim Yosef x RIELL - Animal,2020,ncs / electronic,downloaded,2026-07-14,
Olivia Rodrigo - drivers license,2021,us-uk,downloaded,2026-07-14,
Olivia Rodrigo - good 4 u,2021,us-uk,downloaded,2026-07-14,
Olivia Rodrigo - traitor,2021,us-uk,downloaded,2026-07-14,
The Kid LAROI & Justin Bieber - Stay,2021,us-uk,downloaded,2026-07-14,
The Kid LAROI - Without You,2021,us-uk,downloaded,2026-07-14,
Justin Bieber - Peaches,2021,us-uk,downloaded,2026-07-14,
Ed Sheeran - Shivers,2021,us-uk,downloaded,2026-07-14,
Ed Sheeran - Bad Habits,2021,us-uk,downloaded,2026-07-14,
Elton John & Dua Lipa - Cold Heart,2021,us-uk,downloaded,2026-07-14,
Adele - Easy On Me,2021,us-uk,downloaded,2026-07-14,
Silk Sonic - Leave the Door Open,2021,us-uk,downloaded,2026-07-14,
Lil Nas X - Industry Baby,2021,us-uk,downloaded,2026-07-14,
Imagine Dragons - Enemy,2021,us-uk,downloaded,2026-07-14,
Doja Cat - Kiss Me More,2021,us-uk,downloaded,2026-07-14,
Duncan Laurence - Arcade,2021,us-uk,downloaded,2026-07-14,
Gayle - abcdefu,2021,us-uk,downloaded,2026-07-14,
Masked Wolf - Astronaut In The Ocean,2021,us-uk,downloaded,2026-07-14,
Justin Bieber - Ghost,2021,us-uk,downloaded,2026-07-14,
Doja Cat - Woman,2021,us-uk,downloaded,2026-07-14,
Olivia Rodrigo - deja vu,2021,us-uk,downloaded,2026-07-14,
Billie Eilish - Happier Than Ever,2021,us-uk,downloaded,2026-07-14,
Lil Nas X - MONTERO (Call Me By Your Name),2021,us-uk,downloaded,2026-07-14,
Lil Nas X - THATS WHAT I WANT,2021,us-uk,downloaded,2026-07-14,
Maneskin - Beggin',2021,us-uk,downloaded,2026-07-14,
Miley Cyrus - Angels Like You,2021,us-uk,downloaded,2026-07-14,
"Wizkid - Essence ft. Tems, Justin Bieber",2021,us-uk,downloaded,2026-07-14,
Bella Poarch - Build a Bitch,2021,us-uk,downloaded,2026-07-14,
Nathan Evans - Wellerman,2021,us-uk,downloaded,2026-07-14,
Ariana Grande - pov,2021,us-uk,downloaded,2026-07-14,
THE ANXIETY - Meet Me At Our Spot,2021,us-uk,downloaded,2026-07-14,
BTS - Butter,2021,k-pop,downloaded,2026-07-14,
BTS - Permission to Dance,2021,k-pop,downloaded,2026-07-14,
ROSE - On The Ground,2021,k-pop,downloaded,2026-07-14,
Lisa - LALISA,2021,k-pop,downloaded,2026-07-14,
Lisa - MONEY,2021,k-pop,downloaded,2026-07-14,
aespa - Next Level,2021,k-pop,downloaded,2026-07-14,
aespa - Savage,2021,k-pop,downloaded,2026-07-14,
TWICE - The Feels,2021,k-pop,downloaded,2026-07-14,
IVE - ELEVEN,2021,k-pop,downloaded,2026-07-14,
IU - Celebrity,2021,k-pop,downloaded,2026-07-14,
Stray Kids - Thunderous,2021,k-pop,downloaded,2026-07-14,
YOASOBI - Kaibutsu,2021,j-pop,downloaded,2026-07-14,
Ado - Odo,2021,j-pop,downloaded,2026-07-14,
Yuuri - Betelgeuse,2021,j-pop,downloaded,2026-07-14,
Fujii Kaze - Kirari,2021,j-pop,downloaded,2026-07-14,
King Gnu - Ichizu,2021,j-pop,downloaded,2026-07-14,
King Gnu - BOY,2021,j-pop,downloaded,2026-07-14,
Official HIGE DANdism - Cry Baby,2021,j-pop,downloaded,2026-07-14,
back number - Suiheisen,2021,j-pop,downloaded,2026-07-14,
Vaundy - Odoriko,2021,j-pop,downloaded,2026-07-14,
Saucy Dog - Cinderella Boy,2021,j-pop,downloaded,2026-07-14,
Hikaru Utada - One Last Kiss,2021,j-pop,downloaded,2026-07-14,
LiSA - Akeboshi,2021,j-pop,downloaded,2026-07-14,
ONE OK ROCK - Renegades,2021,j-pop,downloaded,2026-07-14,
ZUTOMAYO - Kan Saete Kuyashiiwa,2021,j-pop,downloaded,2026-07-14,
Yuika - Sukidakara,2021,j-pop,downloaded,2026-07-14,
millennium parade - U,2021,j-pop,downloaded,2026-07-14,
ATB x Topic x A7S - Your Love (9PM),2021,ncs / electronic,downloaded,2026-07-14,
Riton x Nightcrawlers - Friday,2021,ncs / electronic,downloaded,2026-07-14,
Tiesto & Ava Max - The Motto,2021,ncs / electronic,downloaded,2026-07-14,
Swedish House Mafia & The Weeknd - Moth To A Flame,2021,ncs / electronic,downloaded,2026-07-14,
Fred again.. - Marea (We've Lost Dancing),2021,ncs / electronic,downloaded,2026-07-14,
Becky Hill & David Guetta - Remember,2021,ncs / electronic,downloaded,2026-07-14,
"Galantis, David Guetta & Little Mix - Heartbreak Anthem",2021,ncs / electronic,downloaded,2026-07-14,
"Martin Garrix, Bono & The Edge - We Are The People",2021,ncs / electronic,downloaded,2026-07-14,
Acraze - Do It To It ft. Cherish,2021,ncs / electronic,downloaded,2026-07-14,
Lost Frequencies & Calum Scott - Where Are You Now,2021,ncs / electronic,downloaded,2026-07-14,
Öwnboss & Sevek - Move Your Body,2021,ncs / electronic,downloaded,2026-07-14,
Alesso & Katy Perry - When I'm Gone,2021,ncs / electronic,downloaded,2026-07-14,
"Joel Corry x Jax Jones - Out Out ft. Charli XCX, Saweetie",2021,ncs / electronic,downloaded,2026-07-14,
Majestic x Boney M. - Rasputin,2021,ncs / electronic,downloaded,2026-07-14,
Shouse - Love Tonight,2021,ncs / electronic,downloaded,2026-07-14,
Calvin Harris & Tom Grennan - By Your Side,2021,ncs / electronic,downloaded,2026-07-14,
Marshmello & Jonas Brothers - Leave Before You Love Me,2021,ncs / electronic,downloaded,2026-07-14,
Afrojack & David Guetta - Hero,2021,ncs / electronic,downloaded,2026-07-14,
"Dimitri Vegas & Like Mike, Tiesto, Dido - Thank You (Not So Bad)",2021,ncs / electronic,downloaded,2026-07-14,
Regard x Troye Sivan x Tate McRae - You,2021,ncs / electronic,downloaded,2026-07-14,
Tiesto & Karol G - Don't Be Shy,2021,ncs / electronic,downloaded,2026-07-14,
Egzod & Maestro Chives - Royalty ft. Neoni,2021,ncs / electronic,downloaded,2026-07-14,
Elektronomia - Sky High pt. II,2021,ncs / electronic,downloaded,2026-07-14,
Tobu - Candyland pt. II,2021,ncs / electronic,downloaded,2026-07-14,
Lost Sky - Where We Started ft. Jal,2021,ncs / electronic,downloaded,2026-07-14,
Harry Styles - As It Was,2022,us-uk,downloaded,2026-07-14,
Joji - Glimpse of Us,2022,us-uk,downloaded,2026-07-14,
Steve Lacy - Bad Habit,2022,us-uk,downloaded,2026-07-14,
Sam Smith & Kim Petras - Unholy,2022,us-uk,downloaded,2026-07-14,
Taylor Swift - Anti-Hero,2022,us-uk,downloaded,2026-07-14,
OneRepublic - I Ain't Worried,2022,us-uk,downloaded,2026-07-14,
Stephen Sanchez - Until I Found You,2022,us-uk,downloaded,2026-07-14,
JVKE - golden hour,2022,us-uk,downloaded,2026-07-14,
d4vd - Here With Me,2022,us-uk,downloaded,2026-07-14,
Rema & Selena Gomez - Calm Down,2022,us-uk,downloaded,2026-07-14,
Dean Lewis - How Do I Say Goodbye,2022,us-uk,downloaded,2026-07-14,
Charlie Puth - Light Switch,2022,us-uk,downloaded,2026-07-14,
David Guetta & Bebe Rexha - I'm Good (Blue),2022,us-uk,downloaded,2026-07-14,
Imagine Dragons - Bones,2022,us-uk,downloaded,2026-07-14,
Nicky Youre - Sunroof,2022,us-uk,downloaded,2026-07-14,
Harry Styles - Late Night Talking,2022,us-uk,downloaded,2026-07-14,
Lizzo - About Damn Time,2022,us-uk,downloaded,2026-07-14,
Lizzy McAlpine - ceilings,2022,us-uk,downloaded,2026-07-14,
Zach Bryan - Something in the Orange,2022,us-uk,downloaded,2026-07-14,
RAYE - Escapism ft. 070 Shake,2022,us-uk,downloaded,2026-07-14,
Meghan Trainor - Made You Look,2022,us-uk,downloaded,2026-07-14,
Rosa Linn - SNAP,2022,us-uk,downloaded,2026-07-14,
Joji - Die For You,2022,us-uk,downloaded,2026-07-14,
"Metro Boomin, The Weeknd, 21 Savage - Creepin'",2022,us-uk,downloaded,2026-07-14,
Jack Harlow - First Class,2022,us-uk,downloaded,2026-07-14,
Lauren Spencer-Smith - Fingers Crossed,2022,us-uk,downloaded,2026-07-14,
Em Beihold - Numb Little Bug,2022,us-uk,downloaded,2026-07-14,
Beyonce - Break My Soul,2022,us-uk,downloaded,2026-07-14,
Beyonce - CUFF IT,2022,us-uk,downloaded,2026-07-14,
Elton John & Britney Spears - Hold Me Closer,2022,us-uk,downloaded,2026-07-14,
Rihanna - Lift Me Up,2022,us-uk,downloaded,2026-07-14,
Lewis Capaldi - Forget Me,2022,us-uk,downloaded,2026-07-14,
d4vd - Romantic Homicide,2022,us-uk,downloaded,2026-07-14,
IVE - LOVE DIVE,2022,k-pop,downloaded,2026-07-14,
IVE - After LIKE,2022,k-pop,downloaded,2026-07-14,
NewJeans - Attention,2022,k-pop,downloaded,2026-07-14,
NewJeans - Hype Boy,2022,k-pop,downloaded,2026-07-14,
NewJeans - Ditto,2022,k-pop,downloaded,2026-07-14,
BLACKPINK - Pink Venom,2022,k-pop,downloaded,2026-07-14,
BLACKPINK - Shut Down,2022,k-pop,downloaded,2026-07-14,
PSY - That That feat. SUGA,2022,k-pop,downloaded,2026-07-14,
BIGBANG - Still Life,2022,k-pop,downloaded,2026-07-14,
(G)I-DLE - TOMBOY,2022,k-pop,downloaded,2026-07-14,
(G)I-DLE - Nxde,2022,k-pop,downloaded,2026-07-14,
LE SSERAFIM - FEARLESS,2022,k-pop,downloaded,2026-07-14,
LE SSERAFIM - ANTIFRAGILE,2022,k-pop,downloaded,2026-07-14,
Red Velvet - Feel My Rhythm,2022,k-pop,downloaded,2026-07-14,
Stray Kids - MANIAC,2022,k-pop,downloaded,2026-07-14,
Jin - The Astronaut,2022,k-pop,downloaded,2026-07-14,
Charlie Puth - Left and Right feat. Jungkook,2022,k-pop,downloaded,2026-07-14,
Ado - New Genesis,2022,j-pop,downloaded,2026-07-14,
Kenshi Yonezu - KICK BACK,2022,j-pop,downloaded,2026-07-14,
Official HIGE DANdism - Mixed Nuts,2022,j-pop,downloaded,2026-07-14,
Official HIGE DANdism - Subtitle,2022,j-pop,downloaded,2026-07-14,
Aimer - Zankyou Sanka,2022,j-pop,downloaded,2026-07-14,
RADWIMPS - Suzume ft. Toaka,2022,j-pop,downloaded,2026-07-14,
RADWIMPS - KANATA HALUKA,2022,j-pop,downloaded,2026-07-14,
Mrs. GREEN APPLE - Dance Hall,2022,j-pop,downloaded,2026-07-14,
Mrs. GREEN APPLE - Soranji,2022,j-pop,downloaded,2026-07-14,
Vaundy - Chainsaw Blood,2022,j-pop,downloaded,2026-07-14,
Fujii Kaze - Matsuri,2022,j-pop,downloaded,2026-07-14,
Fujii Kaze - grace,2022,j-pop,downloaded,2026-07-14,
SEKAI NO OWARI - Habit,2022,j-pop,downloaded,2026-07-14,
Gen Hoshino - Comedy,2022,j-pop,downloaded,2026-07-14,
SiM - The Rumbling,2022,j-pop,downloaded,2026-07-14,
Ai Higuchi - Akuma no Ko,2022,j-pop,downloaded,2026-07-14,
Tani Yuuki - W/X/Y,2022,j-pop,downloaded,2026-07-14,
natori - Overdose,2022,j-pop,downloaded,2026-07-14,
BUMP OF CHICKEN - SOUVENIR,2022,j-pop,downloaded,2026-07-14,
Kessoku Band - Seishun Complex,2022,j-pop,downloaded,2026-07-14,
FRUITS ZIPPER - Watashi no Ichiban Kawaii Tokoro,2022,j-pop,downloaded,2026-07-14,
Da-iCE - Starmine,2022,j-pop,downloaded,2026-07-14,
James Hype & Miggy Dela Rosa - Ferrari,2022,ncs / electronic,downloaded,2026-07-14,
LF SYSTEM - Afraid To Feel,2022,ncs / electronic,downloaded,2026-07-14,
Eliza Rose - B.O.T.A. (Baddest Of Them All),2022,ncs / electronic,downloaded,2026-07-14,
Fred again.. & Swedish House Mafia - Turn On The Lights again..,2022,ncs / electronic,downloaded,2026-07-14,
Oliver Tree & Robin Schulz - Miss You,2022,ncs / electronic,downloaded,2026-07-14,
Alok & Ella Eyre - Deep Down,2022,ncs / electronic,downloaded,2026-07-14,
Tiesto & Tate McRae - 10:35,2022,ncs / electronic,downloaded,2026-07-14,
Marshmello & Khalid - Numb,2022,ncs / electronic,downloaded,2026-07-14,
Sigala - Melody,2022,ncs / electronic,downloaded,2026-07-14,
Hardwell - Rebels Never Die,2022,ncs / electronic,downloaded,2026-07-14,
Luude - Down Under ft. Colin Hay,2022,ncs / electronic,downloaded,2026-07-14,
Anh Tú Atus - Bài này không để đi diễn,2022,v-pop,downloaded,2026-07-15,
Miley Cyrus - Flowers,2023,us-uk,downloaded,2026-07-14,
SZA - Kill Bill,2023,us-uk,downloaded,2026-07-14,
Taylor Swift - Cruel Summer,2023,us-uk,downloaded,2026-07-14,
Morgan Wallen - Last Night,2023,us-uk,downloaded,2026-07-14,
David Kushner - Daylight,2023,us-uk,downloaded,2026-07-14,
Noah Kahan - Stick Season,2023,us-uk,downloaded,2026-07-14,
Billie Eilish - What Was I Made For?,2023,us-uk,downloaded,2026-07-14,
Olivia Rodrigo - vampire,2023,us-uk,downloaded,2026-07-14,
Tate McRae - greedy,2023,us-uk,downloaded,2026-07-14,
Doja Cat - Paint the Town Red,2023,us-uk,downloaded,2026-07-14,
Mitski - My Love Mine All Mine,2023,us-uk,downloaded,2026-07-14,
Henry Moodie - drunk text,2023,us-uk,downloaded,2026-07-14,
Teddy Swims - Lose Control,2023,us-uk,downloaded,2026-07-14,
Dua Lipa - Dance The Night,2023,us-uk,downloaded,2026-07-14,
Zach Bryan - I Remember Everything,2023,us-uk,downloaded,2026-07-14,
SZA - Snooze,2023,us-uk,downloaded,2026-07-14,
PinkPantheress & Ice Spice - Boy's a Liar Pt. 2,2023,us-uk,downloaded,2026-07-14,
Sabrina Carpenter - Feather,2023,us-uk,downloaded,2026-07-14,
Kylie Minogue - Padam Padam,2023,us-uk,downloaded,2026-07-14,
Luke Combs - Fast Car,2023,us-uk,downloaded,2026-07-14,
Jack Harlow - Lovin On Me,2023,us-uk,downloaded,2026-07-14,
Doechii - What It Is (Block Boy),2023,us-uk,downloaded,2026-07-14,
Tyla - Water,2023,us-uk,downloaded,2026-07-14,
Lana Del Rey - Say Yes To Heaven,2023,us-uk,downloaded,2026-07-14,
"The Weeknd, JENNIE, Lily-Rose Depp - One Of The Girls",2023,us-uk,downloaded,2026-07-14,
Dua Lipa - Houdini,2023,us-uk,downloaded,2026-07-14,
Post Malone - Chemical,2023,us-uk,downloaded,2026-07-14,
Doja Cat - Agora Hills,2023,us-uk,downloaded,2026-07-14,
Paul Russell - Lil Boo Thang,2023,us-uk,downloaded,2026-07-14,
Olivia Rodrigo - bad idea right?,2023,us-uk,downloaded,2026-07-14,
FIFTY FIFTY - Cupid,2023,k-pop,downloaded,2026-07-14,
Jungkook - Seven feat. Latto,2023,k-pop,downloaded,2026-07-14,
Jungkook - Standing Next to You,2023,k-pop,downloaded,2026-07-14,
Jungkook - 3D,2023,k-pop,downloaded,2026-07-14,
Jimin - Like Crazy,2023,k-pop,downloaded,2026-07-14,
NewJeans - Super Shy,2023,k-pop,downloaded,2026-07-14,
NewJeans - OMG,2023,k-pop,downloaded,2026-07-14,
LE SSERAFIM - UNFORGIVEN,2023,k-pop,downloaded,2026-07-14,
LE SSERAFIM - Perfect Night,2023,k-pop,downloaded,2026-07-14,
aespa - Spicy,2023,k-pop,downloaded,2026-07-14,
aespa - Drama,2023,k-pop,downloaded,2026-07-14,
IVE - I AM,2023,k-pop,downloaded,2026-07-14,
(G)I-DLE - Queencard,2023,k-pop,downloaded,2026-07-14,
SEVENTEEN - Super,2023,k-pop,downloaded,2026-07-14,
Stray Kids - S-Class,2023,k-pop,downloaded,2026-07-14,
V - Love Me Again,2023,k-pop,downloaded,2026-07-14,
V - Slow Dancing,2023,k-pop,downloaded,2026-07-14,
Jisoo - FLOWER,2023,k-pop,downloaded,2026-07-14,
TXT - Sugar Rush Ride,2023,k-pop,downloaded,2026-07-14,
YOASOBI - Idol,2023,j-pop,downloaded,2026-07-14,
YOASOBI - Yuusha,2023,j-pop,downloaded,2026-07-14,
Ado - Show,2023,j-pop,downloaded,2026-07-14,
Ado - Kura Kura,2023,j-pop,downloaded,2026-07-14,
King Gnu - SPECIALZ,2023,j-pop,downloaded,2026-07-14,
Mrs. GREEN APPLE - Que Sera Sera,2023,j-pop,downloaded,2026-07-14,
Kenshi Yonezu - Spinning Globe,2023,j-pop,downloaded,2026-07-14,
Official HIGE DANdism - SOULSOUP,2023,j-pop,downloaded,2026-07-14,
imase - NIGHT DANCER,2023,j-pop,downloaded,2026-07-14,
tuki. - Bansanka,2023,j-pop,downloaded,2026-07-14,
Tatsuya Kitani - Where Our Blue Is,2023,j-pop,downloaded,2026-07-14,
Hitsujibungaku - more than words,2023,j-pop,downloaded,2026-07-14,
"ano - Chu, Tayousei.",2023,j-pop,downloaded,2026-07-14,
Atarashii Gakko! - OTONABLUE,2023,j-pop,downloaded,2026-07-14,
Vaundy - Todome no Ichigeki ft. Cory Wong,2023,j-pop,downloaded,2026-07-14,
Queen Bee - Mephisto,2023,j-pop,downloaded,2026-07-14,
Snow Man - Dangerholic,2023,j-pop,downloaded,2026-07-14,
Peggy Gou - (It Goes Like) Nanana,2023,ncs / electronic,downloaded,2026-07-14,
"David Guetta, Anne-Marie, Coi Leray - Baby Don't Hurt Me",2023,ncs / electronic,downloaded,2026-07-14,
Calvin Harris & Ellie Goulding - Miracle,2023,ncs / electronic,downloaded,2026-07-14,
"Skrillex, Fred again.. & Flowdan - Rumble",2023,ncs / electronic,downloaded,2026-07-14,
Kenya Grace - Strangers,2023,ncs / electronic,downloaded,2026-07-14,
Cassö x RAYE x D-Block Europe - Prada,2023,ncs / electronic,downloaded,2026-07-14,
Anyma & Chris Avantgarde - Eternity,2023,ncs / electronic,downloaded,2026-07-14,
Dom Dolla - Saving Up,2023,ncs / electronic,downloaded,2026-07-14,
John Summit & Hayla - Where You Are,2023,ncs / electronic,downloaded,2026-07-14,
Tiesto - Lay Low,2023,ncs / electronic,downloaded,2026-07-14,
FISHER x Kita Alexander - Atmosphere,2023,ncs / electronic,downloaded,2026-07-14,
Switch Disco & Ella Henderson - React,2023,ncs / electronic,downloaded,2026-07-14,
Jazzy - Giving Me,2023,ncs / electronic,downloaded,2026-07-14,
Benson Boone - Beautiful Things,2024,us-uk,downloaded,2026-07-14,
Sabrina Carpenter - Espresso,2024,us-uk,downloaded,2026-07-14,
Sabrina Carpenter - Please Please Please,2024,us-uk,downloaded,2026-07-14,
"Chappell Roan - Good Luck, Babe!",2024,us-uk,downloaded,2026-07-14,
Chappell Roan - Pink Pony Club,2024,us-uk,downloaded,2026-07-14,
Hozier - Too Sweet,2024,us-uk,downloaded,2026-07-14,
Billie Eilish - BIRDS OF A FEATHER,2024,us-uk,downloaded,2026-07-14,
Billie Eilish - WILDFLOWER,2024,us-uk,downloaded,2026-07-14,
Bruno Mars & Lady Gaga - Die With A Smile,2024,us-uk,downloaded,2026-07-14,
Linkin Park - The Emptiness Machine,2024,us-uk,downloaded,2026-07-14,
ROSE & Bruno Mars - APT.,2024,us-uk,downloaded,2026-07-14,
Shaboozey - A Bar Song (Tipsy),2024,us-uk,downloaded,2026-07-14,
Post Malone - I Had Some Help ft. Morgan Wallen,2024,us-uk,downloaded,2026-07-14,
Morgan Wallen - Love Somebody,2024,us-uk,downloaded,2026-07-14,
Ariana Grande - we can't be friends (wait for your love),2024,us-uk,downloaded,2026-07-14,
Kendrick Lamar - Not Like Us,2024,us-uk,downloaded,2026-07-14,
Gracie Abrams - That's So True,2024,us-uk,downloaded,2026-07-14,
"Gracie Abrams - I Love You, I'm Sorry",2024,us-uk,downloaded,2026-07-14,
Myles Smith - Stargazing,2024,us-uk,downloaded,2026-07-14,
Gigi Perez - Sailor Song,2024,us-uk,downloaded,2026-07-14,
Artemas - i like the way you kiss me,2024,us-uk,downloaded,2026-07-14,
Tommy Richman - Million Dollar Baby,2024,us-uk,downloaded,2026-07-14,
The Marias - No One Noticed,2024,us-uk,downloaded,2026-07-14,
Coldplay - All My Love,2024,us-uk,downloaded,2026-07-14,
Sabrina Carpenter - Taste,2024,us-uk,downloaded,2026-07-14,
Chappell Roan - HOT TO GO!,2024,us-uk,downloaded,2026-07-14,
"Ariana Grande - yes, and?",2024,us-uk,downloaded,2026-07-14,
Taylor Swift - Fortnight ft. Post Malone,2024,us-uk,downloaded,2026-07-14,
Charli xcx - Guess ft. Billie Eilish,2024,us-uk,downloaded,2026-07-14,
Addison Rae - Diet Pepsi,2024,us-uk,downloaded,2026-07-14,
Djo - End of Beginning,2024,us-uk,downloaded,2026-07-14,
Mark Ambor - Belong Together,2024,us-uk,downloaded,2026-07-14,
Dasha - Austin,2024,us-uk,downloaded,2026-07-14,
Beyonce - TEXAS HOLD 'EM,2024,us-uk,downloaded,2026-07-14,
The Weeknd & Playboi Carti - Timeless,2024,us-uk,downloaded,2026-07-14,
Kendrick Lamar - tv off,2024,us-uk,downloaded,2026-07-14,
Dua Lipa - Training Season,2024,us-uk,downloaded,2026-07-14,
Eminem - Houdini,2024,us-uk,downloaded,2026-07-14,
d4vd - Feel It,2024,us-uk,downloaded,2026-07-14,
Jelly Roll - I Am Not Okay,2024,us-uk,downloaded,2026-07-14,
Michael Marcagi - Scared To Start,2024,us-uk,downloaded,2026-07-14,
keshi - Soft Spot,2024,us-uk,downloaded,2026-07-14,
yung kai - blue,2024,us-uk,downloaded,2026-07-14,
Billie Eilish - CHIHIRO,2024,us-uk,downloaded,2026-07-14,
aespa - Supernova,2024,k-pop,downloaded,2026-07-14,
aespa - Whiplash,2024,k-pop,downloaded,2026-07-14,
aespa - Armageddon,2024,k-pop,downloaded,2026-07-14,
ILLIT - Magnetic,2024,k-pop,downloaded,2026-07-14,
NewJeans - How Sweet,2024,k-pop,downloaded,2026-07-14,
NewJeans - Supernatural,2024,k-pop,downloaded,2026-07-14,
LE SSERAFIM - EASY,2024,k-pop,downloaded,2026-07-14,
LE SSERAFIM - CRAZY,2024,k-pop,downloaded,2026-07-14,
BABYMONSTER - SHEESH,2024,k-pop,downloaded,2026-07-14,
BABYMONSTER - DRIP,2024,k-pop,downloaded,2026-07-14,
Lisa - ROCKSTAR,2024,k-pop,downloaded,2026-07-14,
Jennie - Mantra,2024,k-pop,downloaded,2026-07-14,
ROSE - toxic till the end,2024,k-pop,downloaded,2026-07-14,
Jimin - Who,2024,k-pop,downloaded,2026-07-14,
Stray Kids - Chk Chk Boom,2024,k-pop,downloaded,2026-07-14,
G-Dragon - POWER,2024,k-pop,downloaded,2026-07-14,
G-Dragon - HOME SWEET HOME,2024,k-pop,downloaded,2026-07-14,
IU - Love wins all,2024,k-pop,downloaded,2026-07-14,
TWICE - Strategy,2024,k-pop,downloaded,2026-07-14,
IVE - HEYA,2024,k-pop,downloaded,2026-07-14,
SEVENTEEN - MAESTRO,2024,k-pop,downloaded,2026-07-14,
Creepy Nuts - Bling-Bang-Bang-Born,2024,j-pop,downloaded,2026-07-14,
Creepy Nuts - Otonoke,2024,j-pop,downloaded,2026-07-14,
Mrs. GREEN APPLE - Lilac,2024,j-pop,downloaded,2026-07-14,
Mrs. GREEN APPLE - Darling,2024,j-pop,downloaded,2026-07-14,
Kenshi Yonezu - Sayonara Mata Itsuka,2024,j-pop,downloaded,2026-07-14,
Kocchi no Kento - Hai Yorokonde,2024,j-pop,downloaded,2026-07-14,
Omoinotake - Ikuokunen,2024,j-pop,downloaded,2026-07-14,
Number_i - GOAT,2024,j-pop,downloaded,2026-07-14,
Number_i - BON,2024,j-pop,downloaded,2026-07-14,
Hoshimachi Suisei - Bibbidiba,2024,j-pop,downloaded,2026-07-14,
MY FIRST STORY & HYDE - Mugen,2024,j-pop,downloaded,2026-07-14,
SPYAIR - Orange,2024,j-pop,downloaded,2026-07-14,
GEMN - Fatal,2024,j-pop,downloaded,2026-07-14,
Yorushika - Haru,2024,j-pop,downloaded,2026-07-14,
Fujii Kaze - Michi Teyu Ku,2024,j-pop,downloaded,2026-07-14,
David Guetta & OneRepublic - I Don't Wanna Wait,2024,ncs / electronic,downloaded,2026-07-14,
Adam Port & Stryv - Move ft. Malachiii,2024,ncs / electronic,downloaded,2026-07-14,
Dom Dolla - girl$,2024,ncs / electronic,downloaded,2026-07-14,
John Summit - Shiver,2024,ncs / electronic,downloaded,2026-07-14,
Kygo & Ava Max - Whatever,2024,ncs / electronic,downloaded,2026-07-14,
Alex Warren - Ordinary,2025,us-uk,downloaded,2026-07-14,
Lady Gaga - Abracadabra,2025,us-uk,downloaded,2026-07-14,
Kendrick Lamar & SZA - luther,2025,us-uk,downloaded,2026-07-14,
Lola Young - Messy,2025,us-uk,downloaded,2026-07-14,
sombr - back to friends,2025,us-uk,downloaded,2026-07-14,
Doechii - Anxiety,2025,us-uk,downloaded,2026-07-14,
The Weeknd - Cry For Me,2025,us-uk,downloaded,2026-07-14,
Tate McRae - Sports car,2025,us-uk,downloaded,2026-07-14,
Sabrina Carpenter - Manchild,2025,us-uk,downloaded,2026-07-14,
Ed Sheeran - Azizam,2025,us-uk,downloaded,2026-07-14,
Ed Sheeran - Sapphire,2025,us-uk,downloaded,2026-07-14,
Justin Bieber - Daisies,2025,us-uk,downloaded,2026-07-14,
Chappell Roan - The Giver,2025,us-uk,downloaded,2026-07-14,
Lorde - What Was That,2025,us-uk,downloaded,2026-07-14,
Ravyn Lenae - Love Me Not,2025,us-uk,downloaded,2026-07-14,
sombr - undressed,2025,us-uk,downloaded,2026-07-14,
Leon Thomas - Mutt,2025,us-uk,downloaded,2026-07-14,
Benson Boone - Mystical Magical,2025,us-uk,downloaded,2026-07-14,
Drake - NOKIA,2025,us-uk,downloaded,2026-07-14,
Kehlani - Folded,2025,us-uk,downloaded,2026-07-14,
Tate McRae - Just Keep Watching,2025,us-uk,downloaded,2026-07-14,
Morgan Wallen - What I Want ft. Tate McRae,2025,us-uk,downloaded,2026-07-14,
Morgan Wallen - I'm the Problem,2025,us-uk,downloaded,2026-07-14,
Lady Gaga - The Dead Dance,2025,us-uk,downloaded,2026-07-14,
Olivia Dean - Man I Need,2025,us-uk,downloaded,2026-07-14,
BLACKPINK - JUMP,2025,k-pop,downloaded,2026-07-14,
G-Dragon - TOO BAD,2025,k-pop,downloaded,2026-07-14,
Jennie - like JENNIE,2025,k-pop,downloaded,2026-07-14,
Jisoo - earthquake,2025,k-pop,downloaded,2026-07-14,
ROSE - Messy,2025,k-pop,downloaded,2026-07-14,
IVE - REBEL HEART,2025,k-pop,downloaded,2026-07-14,
LE SSERAFIM - HOT,2025,k-pop,downloaded,2026-07-14,
Jin - Don't Say You Love Me,2025,k-pop,downloaded,2026-07-14,
HUNTR/X - Golden,2025,k-pop,downloaded,2026-07-14,
Saja Boys - Soda Pop,2025,k-pop,downloaded,2026-07-14,
Saja Boys - Your Idol,2025,k-pop,downloaded,2026-07-14,
KATSEYE - Gabriela,2025,k-pop,downloaded,2026-07-14,
Stray Kids - CEREMONY,2025,k-pop,downloaded,2026-07-14,
aespa - Dirty Work,2025,k-pop,downloaded,2026-07-14,
Hearts2Hearts - Style,2025,k-pop,downloaded,2026-07-14,
ALLDAY PROJECT - FAMOUS,2025,k-pop,downloaded,2026-07-14,
Kenshi Yonezu - BOW AND ARROW,2025,j-pop,downloaded,2026-07-14,
Kenshi Yonezu - IRIS OUT,2025,j-pop,downloaded,2026-07-14,
Kenshi Yonezu & Hikaru Utada - JANE DOE,2025,j-pop,downloaded,2026-07-14,
Fujii Kaze - Hachiko,2025,j-pop,downloaded,2026-07-14,
HANA - ROSE,2025,j-pop,downloaded,2026-07-14,
HANA - Blue Jeans,2025,j-pop,downloaded,2026-07-14,
M!LK - Ii jan,2025,j-pop,downloaded,2026-07-14,
David Guetta & Sia - Beautiful People,2025,ncs / electronic,downloaded,2026-07-14,
John Summit - Focus,2025,ncs / electronic,downloaded,2026-07-14,
Swedish House Mafia - Wait So Long,2025,ncs / electronic,downloaded,2026-07-14,
"David Guetta, Teddy Swims & Tones and I - Gone Gone Gone",2025,ncs / electronic,downloaded,2026-07-14,
Taylor Swift - The Fate of Ophelia,2026,us-uk,downloaded,2026-07-14,
Harry Styles - Aperture,2026,us-uk,downloaded,2026-07-14,
Ariana Grande - Hate That I Made You Love Me,2026,us-uk,downloaded,2026-07-14,
Olivia Rodrigo - Drop Dead,2026,us-uk,downloaded,2026-07-14,
Ella Langley - Choosin' Texas,2026,us-uk,downloaded,2026-07-14,
"Taylor Swift - I Knew It, I Knew You",2026,us-uk,downloaded,2026-07-14,
Drake - Janice STFU,2026,us-uk,downloaded,2026-07-14,
BTS - 2.0,2026,k-pop,downloaded,2026-07-14,
Hearts2Hearts - FOCUS,2026,k-pop,downloaded,2026-07-14,
BOYNEXTDOOR - Hollywood Action,2026,k-pop,downloaded,2026-07-14,
Mrs. GREEN APPLE - Lulu,2026,j-pop,downloaded,2026-07-14,
Number_i - 3XL,2026,j-pop,downloaded,2026-07-14,
Snow Man - Stars,2026,j-pop,downloaded,2026-07-14,
King Gnu - Aizo,2026,j-pop,downloaded,2026-07-14,
Martin Garrix & Ed Sheeran - Repeat It,2026,ncs / electronic,downloaded,2026-07-14,
"Martin Garrix, David Guetta & AFROJACK - Our Time ft. Amél",2026,ncs / electronic,downloaded,2026-07-14,
Anyma & Lisa - Bad Angel,2026,ncs / electronic,downloaded,2026-07-15,
